{"model":{"version":3,"nodes":[{"name":"RootNode","position":[0,0,0],"rotation":[0,0,0],"scale":[0.01,0.01,0.01],"scaleCompensation":false},{"name":"Grid","position":[0,0,0],"rotation":[-90,0,0],"scale":[100,100,100],"scaleCompensation":false}],"parents":[-1,0],"skins":[],"morphs":[],"vertices":[{"position":{"type":"float32","components":3,"data":[-0.77787,-0.777458,0.00548409,-0.96297,-0.777732,0.00354385,-0.944456,-0.944387,0.00132423,-0.777943,-0.962564,-0.00300933,-0.556256,-0.961751,-0.019967,-0.556192,-0.776651,-0.00509458,-0.556192,-0.776651,-0.00509458,-0.334196,-0.961476,-0.0327267,-0.334365,-0.776181,-0.0209354,-0.111743,-0.776382,-0.0305998,-0.111486,-0.961852,-0.0338409,0.111552,-0.776437,-0.0349166,-0.111743,-0.776382,-0.0305998,0.111516,-0.962052,-0.029843,0.334394,-0.776631,-0.0257823,0.334167,-0.962185,-0.0211865,0.556388,-0.777239,0.00130074,0.55622,-0.962521,-0.00443131,0.777963,-0.777744,0.0301864,0.77792,-0.96288,0.0126548,0.944471,-0.944463,0.016967,0.963051,-0.777869,0.0354238,-0.963067,-0.555673,0.0120737,-0.777761,-0.555729,0.024416,-0.555667,-0.555309,0.0259912,-0.555667,-0.555309,0.0259912,-0.333965,-0.554513,0.0047702,-0.111758,-0.553978,-0.020414,-0.111758,-0.553978,-0.020414,0.111425,-0.553691,-0.0354674,0.334409,-0.55399,-0.0278605,0.556432,-0.554902,0.00528129,0.778057,-0.555597,0.0412574,0.963195,-0.555795,0.0504391,-0.778083,-0.333943,0.0467713,-0.96358,-0.333704,0.0305746,-0.963067,-0.555673,0.0120737,-0.777761,-0.555729,0.024416,-0.555667,-0.555309,0.0259912,-0.555259,-0.333943,0.0513582,-0.555259,-0.333943,0.0513582,-0.333965,-0.554513,0.0047702,-0.333135,-0.333322,0.0320027,-0.111758,-0.553978,-0.020414,-0.111378,-0.332115,-0.00340844,-0.111378,-0.332115,-0.00340844,0.111425,-0.553691,-0.0354674,0.11118,-0.33121,-0.0284983,0.334085,-0.331421,-0.0257175,0.334409,-0.55399,-0.0278605,0.556291,-0.332529,0.00560333,0.556432,-0.554902,0.00528129,0.778145,-0.33351,0.0427044,0.778057,-0.555597,0.0412574,0.963394,-0.333808,0.0540698,0.963195,-0.555795,0.0504391,-0.778675,-0.111831,0.0646257,-0.96419,-0.111625,0.0481827,-0.555418,-0.11192,0.0663379,-0.555418,-0.11192,0.0663379,-0.332576,-0.111629,0.051061,-0.110794,-0.110504,0.0196231,-0.110794,-0.110504,0.0196231,0.111244,-0.109367,-0.00990462,0.333834,-0.10933,-0.0150596,0.556182,-0.110372,0.00789908,0.77837,-0.111538,0.0403515,0.963727,-0.111926,0.0518341,-0.779005,0.110747,0.0745901,-0.964426,0.110801,0.0561767,-0.96419,-0.111625,0.0481827,-0.778675,-0.111831,0.0646257,-0.555732,0.110636,0.0768159,-0.555418,-0.11192,0.0663379,-0.555732,0.110636,0.0768159,-0.332576,-0.111629,0.051061,-0.332331,0.110487,0.0655093,-0.110794,-0.110504,0.0196231,-0.110039,0.110911,0.0460373,-0.110039,0.110911,0.0460373,0.111244,-0.109367,-0.00990462,0.111848,0.111785,0.0181856,0.333834,-0.10933,-0.0150596,0.334118,0.112187,0.00315843,0.556458,0.111594,0.0122479,0.556182,-0.110372,0.00789908,0.778791,0.110489,0.0357642,0.77837,-0.111538,0.0403515,0.964157,0.109951,0.0469798,0.963727,-0.111926,0.0518341,-0.964269,0.333525,0.0542494,-0.778986,0.333832,0.0776726,-0.555891,0.333914,0.0857579,-0.332418,0.333604,0.0784322,-0.555891,0.333914,0.0857579,-0.109586,0.333331,0.0658052,-0.109586,0.333331,0.0658052,0.11258,0.333351,0.0451741,0.334721,0.333682,0.0261601,0.556961,0.333548,0.0217941,0.779267,0.332708,0.0321318,0.964506,0.332067,0.0393513,-0.964387,0.556802,0.052094,-0.77925,0.557762,0.0819275,-0.556186,0.558301,0.099614,-0.332516,0.557919,0.0990315,-0.556186,0.558301,0.099614,-0.109199,0.557021,0.0884511,-0.109199,0.557021,0.0884511,0.113361,0.556112,0.0715169,0.33556,0.555874,0.0518249,0.55773,0.555664,0.0395304,0.779822,0.555006,0.0362987,0.964662,0.554488,0.0324156,-0.96538,0.78049,0.0587163,-0.780147,0.781586,0.0861,-0.556718,0.782031,0.103383,-0.332688,0.781556,0.107099,-0.556718,0.782031,0.103383,-0.109114,0.780585,0.0994971,0.113675,0.779539,0.0852567,-0.109114,0.780585,0.0994971,0.336181,0.778754,0.0709686,0.558569,0.778033,0.0602389,0.780386,0.777396,0.0467402,0.964709,0.777048,0.0296607,-0.947337,0.947851,0.0592706,-0.780417,0.967083,0.0750488,-0.556962,0.967367,0.0876435,-0.332994,0.967033,0.0936373,-0.556962,0.967367,0.0876435,-0.109362,0.966284,0.0924966,0.113673,0.965343,0.0864717,-0.109362,0.966284,0.0924966,0.336457,0.96434,0.0800765,0.558908,0.963415,0.0711295,0.78049,0.962825,0.0513024,0.946213,0.944007,0.0306761]},"normal":{"type":"float32","components":3,