{"model":{"version":3,"nodes":[{"name":"RootNode","position":[0,0,0],"rotation":[0,0,0],"scale":[0.01,0.01,0.01],"scaleCompensation":false},{"name":"Block 03","position":[-8.47321,47.1372,-5.9701],"rotation":[0.00020741,-0,0],"scale":[100,100,100],"scaleCompensation":false}],"parents":[-1,0],"skins":[],"morphs":[],"vertices":[{"position":{"type":"float32","components":3,"data":[-0.509019,0.230909,-0.583562,-0.409101,0.527522,-0.991946,-0.44423,0.0460201,-1.00497,0.553713,0.0460346,0.328362,0.489962,0.500153,0.952464,0.559796,0.0460418,0.995028,0.0253887,-0.47606,-1.00497,0.559796,0.0460208,-0.941418,0.50498,-0.439373,-0.925934,0.0253887,0.52394,-1.00498,0.54139,0.531772,-0.921062,-0.44423,0.0460418,0.995028,-0.509019,0.230909,-0.583562,-0.433475,-0.399708,0.451282,-0.408354,-0.289185,-0.974063,-0.44423,0.0460201,-1.00497,-0.443101,-0.402251,-0.397644,0.503758,-0.451165,0.951428,0.553713,0.0460346,0.328362,0.559796,0.0460418,0.995028,0.50498,-0.439373,-0.925934,0.489962,0.500153,0.952464,0.54139,0.531772,-0.921062,0.559796,0.0460208,-0.941418,-0.176525,-0.459345,0.996704,-0.21712,-0.466546,-0.977749,0.0253887,-0.476038,0.995033,0.50498,-0.439373,-0.925934,0.503758,-0.451165,0.951428,0.0253887,-0.47606,-1.00497,-0.378598,0.490643,0.97359,0.0577831,0.0460423,1.03757,0.0253887,0.523962,0.995023,-0.176525,-0.459345,0.996704,0.0253887,-0.476038,0.995033,-0.380385,-0.278704,0.997072,-0.44423,0.0460418,0.995028,0.0577831,0.0460423,1.03757,0.503758,-0.451165,0.951428,0.559796,0.0460418,0.995028,0.0253887,-0.476038,0.995033,0.0253887,0.523962,0.995023,0.0577831,0.0460423,1.03757,0.489962,0.500153,0.952464,0.559796,0.0460418,0.995028,-0.380385,-0.278704,0.997072,-0.44423,0.0460418,0.995028,-0.433475,-0.399708,0.451282,0.54139,0.531772,-0.921062,-0.474611,0.523947,-0.372503,0.489962,0.500153,0.952464,0.0253887,0.523962,0.995023,-0.378598,0.490643,0.97359,0.0253887,0.52394,-1.00498,-0.409101,0.527522,-0.991946,-0.21712,-0.466546,-0.977749,-0.443101,-0.402251,-0.397644,-0.408354,-0.289185,-0.974063,-0.509019,0.230909,-0.583562,-0.474611,0.523947,-0.372503,-0.409101,0.527522,-0.991946,0.0253887,-0.47606,-1.00497,-0.44423,0.0460201,-1.00497,0.0253887,0.52394,-1.00498,-0.408354,-0.289185,-0.974063,-0.409101,0.527522,-0.991946,-0.21712,-0.466546,-0.977749,-0.44423,0.0460418,0.995028,-0.474611,0.523947,-0.372503,-0.509019,0.230909,-0.583562,-0.378598,0.490643,0.97359,-0.176525,-0.459345,0.996704,-0.443101,-0.402251,-0.397644,-0.21712,-0.466546,-0.977749,-0.433475,-0.399708,0.451282,-0.176525,-0.459345,0.996704,-0.380385,-0.278704,0.997072,-0.433475,-0.399708,0.451282]},"normal":{"type":"float32","components":3,"data":[-0.979908,0.0764758,-0.184207,-0.979908,0.0764758,-0.184207,-0.979908,0.0764758,-0.184207,0.988467,0.151164,-0.00902165,0.988467,0.151164,-0.00902165,0.988467,0.151164,-0.00902165,0.13946,0.000276839,-0.990228,0.13946,0.000276839,-0.990228,0.13946,0.000276839,-0.990228,0.13946,0.000276839,-0.990228,0.13946,0.000276839,-0.990228,-0.995476,-0.0947074,-0.00765162,-0.99581,-0.09124,-0.00618457,-0.99581,-0.09124,-0.00618457,-0.99581,-0.09124,-0.00618457,-0.99581,-0.09124,-0.00618457,-0.995698,-0.0921059,-0.0100798,0.999614,-0.0264785,0.00840826,0.999614,-0.0264785,0.00840826,0.999614,-0.0264785,0.00840826,0.999614,-0.0264785,0.00840826,0.999614,-0.0264785,0.00840826,0.999614,-0.0264785,0.00840826,0.999614,-0.0264785,0.00840826,0.0246477,-0.999695,-0.00126313,0.0246477,-0.999695,-0.00126313,0.0246477,-0.999695,-0.00126313,0.0246477,-0.999695,-0.00126313,0.0246477,-0.999695,-0.00126313,0.0246477,-0.999695,-0.00126313,-0.0617093,0.0135581,0.998002,-0.0617093,0.0135581,0.998002,-0.0617093,0.0135581,0.998002,-0.0617093,0.0135581,0.998002,-0.0617093,0.0135581,0.998002,-0.0617093,0.0135581,0.998002,-0.0617093,0.0135581,0.998002,0.0894721,-0.091574,0.991771,0.0894721,-0.091574,0.991771,0.0894721,-0.091574,0.991771,0.0894721,-0.091574,0.991771,0.0897143,0.100328,0.990901,0.0897143,0.100328,0.990901,0.0897143,0.100328,0.990901,0.0897143,0.100328,0.990901,-0.972162,-0.190265,0.136747,-0.972162,-0.190265,0.136747,-0.972162,-0.190265,0.136747,-0.00350577,0.999951,0.00925331,-0.00331156,0.999974,0.0064141,-0.00350577,0.999951,0.00925331,-0.00350577,0.999951,0.00925331,-0.00350577,0.999951,0.00925331,-0.00350577,0.999951,0.00925331,-0.00350577,0.999951,0.00925331,-0.670595,-0.719274,-0.181512,-0.670595,-0.719274,-0.181512,-0.670595,-0.719274,-0.181512,-0.976776,0.188309,-0.102215,-0.976776,0.188309,-0.102215,-0.976776,0.188309,-0.102215,-0.0315996,-0.0147948,-0.999391,-0.0315996,-0.0147948,-0.999391,-0.0315996,-0.0147948,-0.999391,-0.0315996,-0.0147948,-0.999391,-0.0315996,-0.0147948,-0.999391,-0.0315996,-0.0147948,-0.999391,-0.990979,0.118126,0.0632968,-0.990979,0.118126,0.0632968,-0.990979,0.118126,0.0632968,-0.990979,0.118126,0.0632968,-0.24804,-0.968719,0.00775519,-0.24804,-0.968719,0.00775519,-0.24804,-0.968719,0.00775519,-0.24804,-0.968719,0.00775519,-0.64603,-0.729527,0.22458,-0.64603,-0.729527,0.22458,-0.64603,-0.729527,0.22458]},"texCoord0":{"type":"float32","components":2,"data":[0.607093,0.516799,0.607093,0.516799,0.607093,0.516799,0.607093,0.516799,0.607093,0.516799,0.607093,0.516799,0.607093,0.516799,0.607093,0.516799,0.607093,0.516799,0.607093,0.516799,0.607093,0.516799,0.607093,0.516799,0.607093,0.516799,0.607093,0.516799,0.607093,0.516799,0.607093,0.516799,0.607093,0.516799,0.607093,0.516799,0.607093,0.516799,0.607093,0.516799,0.607093,0.516799,0.607093,0.516799,0.607093,0.516799,0.607093,0.516799,0.607093,0.516799,0.607093,0.516799,0.607093,0.516799,0.607093,0.516799,0.607093,0.516799,0.607093,0.516799,0.607093,0.516799,0.607093,0.516799,0.607093,0.516799,0.607093,0.516799,0.607093,0.516799,0.607093,0.516799,0.607093,0.516799,0.607093,0.516799,0.607093,0.516799,0.607093,0.516799,0.607093,0.516799,0.607093,0.516799,0.607093,0.516799,0.607093,0.516799,0.607093,0.516799,0.607093,0.516799,0.607093,0.516799,0.607093,0.516799,0.607093,0.516799,0.607093,0.516799,0.607093,0.516799,0.607093,0.516799,0.607093,0.516799,0.607093,0.516799,0.607093,0.516799,0.607093,0.516799,0.607093,0.516799,0.607093,0.516799,0.607093,0.516799,0.607093,0.516799,0.607093,0.516799,0.607093,0.516799,0.607093,0.516799,0.607093,0.516799,0.607093,0.516799,0.607093,0.516799,0.607093,0.516799,0.607093,0.516799,0.607093,0.516799,0.607093,0.516799,0.607093,0.516799,0.607093,0.516799,0.607093,0.516799,0.607093,0.516799,0.607093,0.516799,0.607093,0.516799,0.607093,0.516799,0.607093,0.516799]}}],"meshes":[{"aabb":{"min":[-0.509019,-0.47606,-1.00498],"max":[0.559796,0.531772,1.03757]},"vertices":0,"indices":[0,1,2,3,4,5,6,7,8,6,9,7,7,9,10,11,12,13,14,12,15,12,16,13,16,12,14,17,18,19,17,20,18,21,18,22,18,23,22,23,18,20,24,25,26,27,28,26,26,25,29,26,29,27,30,31,32,31,33,34,31,35,33,31,30,36,35,31,36,37,38,39,38,37,40,41,42,43,43,42,44,45,46,47,48,49,50,51,49,52,49,48,53,50,49,51,49,53,54,55,56,57,58,59,60,61,62,63,62,61,64,62,65,63,64,61,66,67,68,69,68,67,70,71,72,73,72,71,74,75,76,77],"type":"triangles","base":0,"count":132}],"meshInstances":[{"node":1,"mesh":0}]}}